{
  "counts": {
    "total_images": 10,
    "clean": 5,
    "bug_total": 5,
    "B1": 1,
    "B2": 1,
    "B3": 1,
    "B4": 1,
    "B5": 1
  },
  "vss": {
    "overall": {
      "count": 5,
      "min": 0.0018260000506415963,
      "max": 0.16193599998950958,
      "mean": 0.06848520040512085,
      "median": 0.08642999827861786,
      "std": 0.06013594940304756
    },
    "by_bug_type": {
      "B1": {
        "count": 1,
        "min": 0.08844000101089478,
        "max": 0.08844000101089478,
        "mean": 0.08844000101089478,
        "median": 0.08844000101089478,
        "std": 0.0
      },
      "B2": {
        "count": 1,
        "min": 0.003794000018388033,
        "max": 0.003794000018388033,
        "mean": 0.003794000018388033,
        "median": 0.003794000018388033,
        "std": 0.0
      },
      "B3": {
        "count": 1,
        "min": 0.08642999827861786,
        "max": 0.08642999827861786,
        "mean": 0.08642999827861786,
        "median": 0.08642999827861786,
        "std": 0.0
      },
      "B4": {
        "count": 1,
        "min": 0.16193599998950958,
        "max": 0.16193599998950958,
        "mean": 0.16193599998950958,
        "median": 0.16193599998950958,
        "std": 0.0
      },
      "B5": {
        "count": 1,
        "min": 0.0018260000506415963,
        "max": 0.0018260000506415963,
        "mean": 0.0018260000506415963,
        "median": 0.0018260000506415963,
        "std": 0.0
      }
    }
  }
}